-- 0007_lesson_quizzes.up.sql
-- 各レッスンに対するレッスン単位クイズを追加

INSERT INTO quizzes (id, lesson_id, section_id, is_mock_exam, time_limit_minutes) VALUES
  ('quiz-fp3-s1-l2', 'fp3-s1-l2', 'fp3-s1', FALSE, 10),
  ('quiz-fp3-s1-l3', 'fp3-s1-l3', 'fp3-s1', FALSE, 10),
  ('quiz-fp3-s1-l4', 'fp3-s1-l4', 'fp3-s1', FALSE, 10),
  ('quiz-fp3-s2-l1', 'fp3-s2-l1', 'fp3-s2', FALSE, 10),
  ('quiz-fp3-s2-l2', 'fp3-s2-l2', 'fp3-s2', FALSE, 10),
  ('quiz-fp3-s2-l3', 'fp3-s2-l3', 'fp3-s2', FALSE, 10),
  ('quiz-fp3-s3-l1', 'fp3-s3-l1', 'fp3-s3', FALSE, 10),
  ('quiz-fp3-s3-l2', 'fp3-s3-l2', 'fp3-s3', FALSE, 10),
  ('quiz-fp3-s3-l3', 'fp3-s3-l3', 'fp3-s3', FALSE, 10),
  ('quiz-fp3-s4-l1', 'fp3-s4-l1', 'fp3-s4', FALSE, 10),
  ('quiz-fp3-s4-l2', 'fp3-s4-l2', 'fp3-s4', FALSE, 10),
  ('quiz-fp3-s4-l3', 'fp3-s4-l3', 'fp3-s4', FALSE, 10),
  ('quiz-fp3-s5-l1', 'fp3-s5-l1', 'fp3-s5', FALSE, 10),
  ('quiz-fp3-s5-l2', 'fp3-s5-l2', 'fp3-s5', FALSE, 10),
  ('quiz-boki3-s1-l1', 'boki3-s1-l1', 'boki3-s1', FALSE, 10),
  ('quiz-boki3-s1-l2', 'boki3-s1-l2', 'boki3-s1', FALSE, 10),
  ('quiz-boki3-s1-l3', 'boki3-s1-l3', 'boki3-s1', FALSE, 10),
  ('quiz-boki3-s2-l1', 'boki3-s2-l1', 'boki3-s2', FALSE, 10),
  ('quiz-boki3-s2-l2', 'boki3-s2-l2', 'boki3-s2', FALSE, 10),
  ('quiz-boki3-s2-l3', 'boki3-s2-l3', 'boki3-s2', FALSE, 10),
  ('quiz-boki3-s3-l1', 'boki3-s3-l1', 'boki3-s3', FALSE, 10),
  ('quiz-boki3-s3-l2', 'boki3-s3-l2', 'boki3-s3', FALSE, 10),
  ('quiz-boki3-s3-l3', 'boki3-s3-l3', 'boki3-s3', FALSE, 10),
  ('quiz-asset3-s1-l1', 'asset3-s1-l1', 'asset3-s1', FALSE, 10),
  ('quiz-asset3-s1-l2', 'asset3-s1-l2', 'asset3-s1', FALSE, 10),
  ('quiz-asset3-s1-l3', 'asset3-s1-l3', 'asset3-s1', FALSE, 10),
  ('quiz-asset3-s2-l1', 'asset3-s2-l1', 'asset3-s2', FALSE, 10),
  ('quiz-asset3-s2-l2', 'asset3-s2-l2', 'asset3-s2', FALSE, 10),
  ('quiz-asset3-s2-l3', 'asset3-s2-l3', 'asset3-s2', FALSE, 10),
  ('quiz-asset3-s3-l1', 'asset3-s3-l1', 'asset3-s3', FALSE, 10),
  ('quiz-asset3-s3-l2', 'asset3-s3-l2', 'asset3-s3', FALSE, 10)
ON CONFLICT (id) DO NOTHING;

INSERT INTO quiz_questions (id, quiz_id, question_text, explanation, "order") VALUES
  ('q-fp3-s1-l1-3', 'quiz-fp3-s1-l1', 'キャッシュフロー表で確認できることとして最も適切なものはどれですか？', 'キャッシュフロー表では年ごとの収入・支出・年間収支・貯蓄残高を見て、資金不足の時期を把握できます。', 3),

  ('q-fp3-s1-l2-1', 'quiz-fp3-s1-l2', '純資産の計算式として正しいものはどれですか？', '純資産は資産合計から負債合計を差し引いて求めます。', 1),
  ('q-fp3-s1-l2-2', 'quiz-fp3-s1-l2', '家計の支出のうち、固定費に分類されるものはどれですか？', '固定費は毎月おおむね一定額発生する支出です。', 2),
  ('q-fp3-s1-l2-3', 'quiz-fp3-s1-l2', 'バランスシートで把握する内容として最も適切なものはどれですか？', 'バランスシートは一定時点の資産・負債・純資産の状況を表します。', 3),

  ('q-fp3-s1-l3-1', 'quiz-fp3-s1-l3', '子どもの教育費について、早めに準備を始める主なメリットはどれですか？', '早く始めるほど準備期間を長く取れるため、月々の積立負担を抑えやすくなります。', 1),
  ('q-fp3-s1-l3-2', 'quiz-fp3-s1-l3', '教育資金の準備方法として、貯蓄性のある保険はどれですか？', '学資保険は満期時に祝い金や満期金を受け取れる貯蓄性のある保険です。', 2),
  ('q-fp3-s1-l3-3', 'quiz-fp3-s1-l3', '教材で示された私立の教育費の中で、最も高額なのはどれですか？', '表では私立小学校6年間が約959万円で最も高額です。', 3),

  ('q-fp3-s1-l4-1', 'quiz-fp3-s1-l4', '固定金利型の住宅ローンの特徴として正しいものはどれですか？', '固定金利型は返済期間中の金利が変わらないため、返済計画を立てやすい点が特徴です。', 1),
  ('q-fp3-s1-l4-2', 'quiz-fp3-s1-l4', '住宅ローン控除の控除率として教材に記載されているものはどれですか？', '2022年改正後の住宅ローン控除は年末ローン残高の0.7%です。', 2),
  ('q-fp3-s1-l4-3', 'quiz-fp3-s1-l4', '住宅取得時の諸費用の目安として正しいものはどれですか？', '教材では諸費用の目安を購入価格の3〜7%としています。', 3),

  ('q-fp3-s2-l1-1', 'quiz-fp3-s2-l1', '掛け捨て型で、一定期間の死亡保障を準備する保険はどれですか？', '定期保険は掛け捨て型で保険料が比較的安く、一定期間の死亡保障に向いています。', 1),
  ('q-fp3-s2-l1-2', 'quiz-fp3-s2-l1', '保険料計算の基礎となる「大数の法則」の説明として正しいものはどれですか？', '多数のデータを集めることで事故や死亡の発生確率を安定して見積もれるという考え方です。', 2),
  ('q-fp3-s2-l1-3', 'quiz-fp3-s2-l1', '生命保険の見直しで、一般に保障を減らす方向になりやすい時期はどれですか？', '子どもの独立後は必要保障額が下がりやすく、保障の見直しが検討されます。', 3),

  ('q-fp3-s2-l2-1', 'quiz-fp3-s2-l2', '地震保険について正しい説明はどれですか？', '地震保険は火災保険とセットで加入する仕組みです。', 1),
  ('q-fp3-s2-l2-2', 'quiz-fp3-s2-l2', '「実損てん補」の説明として正しいものはどれですか？', '実損てん補は実際に生じた損害額に応じて保険金が支払われる方式です。', 2),
  ('q-fp3-s2-l2-3', 'quiz-fp3-s2-l2', '免責事項の意味として正しいものはどれですか？', '免責事項は保険会社が保険金を支払わない条件を指します。', 3),

  ('q-fp3-s2-l3-1', 'quiz-fp3-s2-l3', '介護保険の加入対象として正しいものはどれですか？', '介護保険は40歳以上が加入対象です。', 1),
  ('q-fp3-s2-l3-2', 'quiz-fp3-s2-l3', '会社員が国民年金に上乗せで加入する年金はどれですか？', '会社員や公務員は国民年金に加えて厚生年金に加入します。', 2),
  ('q-fp3-s2-l3-3', 'quiz-fp3-s2-l3', '雇用保険の主な給付内容として正しいものはどれですか？', '雇用保険は失業時の給付や育児休業給付などを行います。', 3),

  ('q-fp3-s3-l1-1', 'quiz-fp3-s3-l1', '複利の説明として正しいものはどれですか？', '複利は利息が元本に組み込まれ、その増えた元本にも利息が付く考え方です。', 1),
  ('q-fp3-s3-l1-2', 'quiz-fp3-s3-l1', '72の法則で、年利2%のとき資産が約2倍になる年数はどれですか？', '72 ÷ 2 = 36 なので、およそ36年です。', 2),
  ('q-fp3-s3-l1-3', 'quiz-fp3-s3-l1', 'ペイオフ制度で保護される範囲として正しいものはどれですか？', 'ペイオフでは預金者1人あたり元本1,000万円とその利息まで保護されます。', 3),

  ('q-fp3-s3-l2-1', 'quiz-fp3-s3-l2', '株式投資で得られる利益として正しいものはどれですか？', '株式では配当金や値上がり益などを得られる可能性があります。', 1),
  ('q-fp3-s3-l2-2', 'quiz-fp3-s3-l2', '発行体が倒産した場合の一般的な扱いとして正しいものはどれですか？', '一般に倒産時の弁済順位は債権者が株主より先です。', 2),
  ('q-fp3-s3-l2-3', 'quiz-fp3-s3-l2', '国債の発行体はどれですか？', '国債は国が発行する債券です。', 3),

  ('q-fp3-s3-l3-1', 'quiz-fp3-s3-l3', 'ドルコスト平均法の説明として正しいものはどれですか？', '毎月一定金額を投資することで、価格が高い時は少なく、安い時は多く買う効果があります。', 1),
  ('q-fp3-s3-l3-2', 'quiz-fp3-s3-l3', 'インデックス型投資信託の特徴として正しいものはどれですか？', 'インデックス型は市場平均に連動する運用を目指し、一般にコストが低めです。', 2),
  ('q-fp3-s3-l3-3', 'quiz-fp3-s3-l3', '分散投資の考え方として教材に近いものはどれですか？', '資産・地域・時間を分散することで一つの値動きに偏らない投資を目指します。', 3),

  ('q-fp3-s4-l1-1', 'quiz-fp3-s4-l1', '課税所得金額を求める流れとして正しいものはどれですか？', '課税所得金額は収入から必要経費等を差し引いて所得金額を出し、さらに所得控除を差し引いて求めます。', 1),
  ('q-fp3-s4-l1-2', 'quiz-fp3-s4-l1', '所得税の税率の特徴として正しいものはどれですか？', '所得税は超過累進課税で、所得が増えるほど高い税率帯が適用されます。', 2),
  ('q-fp3-s4-l1-3', 'quiz-fp3-s4-l1', '預金の利息が分類される所得区分はどれですか？', '預金の利息は利子所得に分類されます。', 3),

  ('q-fp3-s4-l2-1', 'quiz-fp3-s4-l2', '基礎控除について正しいものはどれですか？', '基礎控除は誰でも受けられる所得控除で、教材では最大48万円としています。', 1),
  ('q-fp3-s4-l2-2', 'quiz-fp3-s4-l2', 'ふるさと納税の説明として正しいものはどれですか？', 'ふるさと納税は実質2,000円の自己負担で返礼品を受けられ、寄附金控除の対象になります。', 2),
  ('q-fp3-s4-l2-3', 'quiz-fp3-s4-l2', 'iDeCoの税制優遇として教材に記載されているものはどれですか？', 'iDeCoは掛け金が全額所得控除となる点が大きな特徴です。', 3),

  ('q-fp3-s4-l3-1', 'quiz-fp3-s4-l3', '新NISAの非課税期間として正しいものはどれですか？', '2024年からの新NISAは非課税期間が無期限です。', 1),
  ('q-fp3-s4-l3-2', 'quiz-fp3-s4-l3', 'iDeCoの特徴として正しいものはどれですか？', 'iDeCoは老後資金向けで、原則60歳まで引き出せません。', 2),
  ('q-fp3-s4-l3-3', 'quiz-fp3-s4-l3', '新NISAの成長投資枠の年間投資枠として正しいものはどれですか？', '教材では成長投資枠の年間投資枠を240万円としています。', 3),

  ('q-fp3-s5-l1-1', 'quiz-fp3-s5-l1', '不動産売買における重要事項説明を行う人は誰ですか？', '重要事項説明は宅地建物取引士が行います。', 1),
  ('q-fp3-s5-l1-2', 'quiz-fp3-s5-l1', '表面利回りの計算式として正しいものはどれですか？', '表面利回りは年間家賃収入を物件購入価格で割って100を掛けて求めます。', 2),
  ('q-fp3-s5-l1-3', 'quiz-fp3-s5-l1', '不動産を取得したときにかかる税金として正しいものはどれですか？', '取得時には不動産取得税や登録免許税などがかかります。', 3),

  ('q-fp3-s5-l2-1', 'quiz-fp3-s5-l2', '相続税の基礎控除額の計算式として正しいものはどれですか？', '相続税の基礎控除額は3,000万円 + 600万円 × 法定相続人の数です。', 1),
  ('q-fp3-s5-l2-2', 'quiz-fp3-s5-l2', '配偶者と子が相続人である場合の法定相続分として正しいものはどれですか？', '配偶者と子が相続人の場合、法定相続分はそれぞれ2分の1ずつです。', 2),
  ('q-fp3-s5-l2-3', 'quiz-fp3-s5-l2', '暦年課税による贈与税の基礎控除額として正しいものはどれですか？', '暦年課税では年間110万円の基礎控除があります。', 3),

  ('q-boki3-s1-l1-1', 'quiz-boki3-s1-l1', '資産が増加したとき、原則として記録するのはどちらですか？', '資産の増加は借方に記録します。', 1),
  ('q-boki3-s1-l1-2', 'quiz-boki3-s1-l1', '収益が増加したとき、原則として記録するのはどちらですか？', '収益の増加は貸方に記録します。', 2),
  ('q-boki3-s1-l1-3', 'quiz-boki3-s1-l1', '貸借平均の原則として正しいものはどれですか？', '1つの仕訳では借方合計と貸方合計が常に一致します。', 3),

  ('q-boki3-s1-l2-1', 'quiz-boki3-s1-l2', '「売掛金」はどの勘定科目に分類されますか？', '売掛金は将来回収する権利なので資産科目です。', 1),
  ('q-boki3-s1-l2-2', 'quiz-boki3-s1-l2', '「買掛金」はどの勘定科目に分類されますか？', '買掛金は将来支払う義務なので負債科目です。', 2),
  ('q-boki3-s1-l2-3', 'quiz-boki3-s1-l2', '次のうち収益の勘定科目はどれですか？', '受取手数料はサービス提供などで得る収益の勘定科目です。', 3),

  ('q-boki3-s1-l3-1', 'quiz-boki3-s1-l3', '簿記の記録の流れとして正しいものはどれですか？', '取引はまず仕訳帳に記録し、その後総勘定元帳へ転記します。', 1),
  ('q-boki3-s1-l3-2', 'quiz-boki3-s1-l3', '「現金10,000円で備品を購入した」場合の転記として正しいものはどれですか？', '備品勘定の借方に10,000円、現金勘定の貸方に10,000円を転記します。', 2),
  ('q-boki3-s1-l3-3', 'quiz-boki3-s1-l3', 'T字勘定の役割として最も適切なものはどれですか？', 'T字勘定は勘定科目ごとの借方・貸方の動きを整理して残高を把握するために使います。', 3),

  ('q-boki3-s2-l1-1', 'quiz-boki3-s2-l1', '簿記上の「現金」に含まれるものはどれですか？', '他人振出の小切手はすぐに現金化できるため現金に含めます。', 1),
  ('q-boki3-s2-l1-2', 'quiz-boki3-s2-l1', '実際の現金残高が帳簿残高より多かった場合の仕訳として正しいものはどれですか？', '実際残高が多い場合は現金を借方、現金過不足を貸方に計上します。', 2),
  ('q-boki3-s2-l1-3', 'quiz-boki3-s2-l1', '普通預金の利息を受け取ったときの仕訳として正しいものはどれですか？', '普通預金が増加し、受取利息という収益が発生します。', 3),

  ('q-boki3-s2-l2-1', 'quiz-boki3-s2-l2', '商品を掛けで販売したときの仕訳として正しいものはどれですか？', '掛け販売では売掛金という資産が増え、売上が発生します。', 1),
  ('q-boki3-s2-l2-2', 'quiz-boki3-s2-l2', '買掛金を振込で支払ったときの仕訳として正しいものはどれですか？', '買掛金が減少し、普通預金も減少します。', 2),
  ('q-boki3-s2-l2-3', 'quiz-boki3-s2-l2', '売掛金が回収不能となったときの仕訳として正しいものはどれですか？', '貸倒れ発生時は貸倒損失を計上し、売掛金を減額します。', 3),

  ('q-boki3-s2-l3-1', 'quiz-boki3-s2-l3', '減価償却しない固定資産はどれですか？', '土地は通常、価値が減少しない前提のため減価償却しません。', 1),
  ('q-boki3-s2-l3-2', 'quiz-boki3-s2-l3', '定額法の年間減価償却費の計算式として正しいものはどれですか？', '定額法は取得原価から残存価額を引き、耐用年数で割って求めます。', 2),
  ('q-boki3-s2-l3-3', 'quiz-boki3-s2-l3', '固定資産の売却価格が帳簿価額を上回った場合に生じるものはどれですか？', '売却価格が帳簿価額を上回ると固定資産売却益が生じます。', 3),

  ('q-boki3-s3-l1-1', 'quiz-boki3-s3-l1', '試算表で必ず確認する関係として正しいものはどれですか？', '仕訳と転記が正しければ、試算表の借方合計と貸方合計は一致します。', 1),
  ('q-boki3-s3-l1-2', 'quiz-boki3-s3-l1', '合計残高試算表の説明として正しいものはどれですか？', '合計試算表と残高試算表の内容を合わせたものが合計残高試算表です。', 2),
  ('q-boki3-s3-l1-3', 'quiz-boki3-s3-l1', '決算整理仕訳の例として正しいものはどれですか？', '決算整理では減価償却費の計上や棚卸などを行います。', 3),

  ('q-boki3-s3-l2-1', 'quiz-boki3-s3-l2', '営業利益の計算の流れとして正しいものはどれですか？', '営業利益は売上総利益から販売費及び一般管理費を差し引いて求めます。', 1),
  ('q-boki3-s3-l2-2', 'quiz-boki3-s3-l2', '売上原価の計算式として正しいものはどれですか？', '売上原価は期首商品棚卸高に当期仕入高を加え、期末商品棚卸高を差し引いて求めます。', 2),
  ('q-boki3-s3-l2-3', 'quiz-boki3-s3-l2', '当期純利益の意味として正しいものはどれですか？', '当期純利益は法人税等を差し引いた後の最終的な利益です。', 3),

  ('q-boki3-s3-l3-1', 'quiz-boki3-s3-l3', '貸借対照表が示すものとして正しいものはどれですか？', '貸借対照表は一定時点の財政状態を示します。', 1),
  ('q-boki3-s3-l3-2', 'quiz-boki3-s3-l3', '流動比率の計算式として正しいものはどれですか？', '流動比率は短期の支払能力を見る指標で、流動資産を流動負債で割って求めます。', 2),
  ('q-boki3-s3-l3-3', 'quiz-boki3-s3-l3', '損益計算書の当期純利益が貸借対照表で主に反映される先はどれですか？', '当期純利益は利益剰余金に加算され、純資産の増加につながります。', 3),

  ('q-asset3-s1-l1-1', 'quiz-asset3-s1-l1', 'PER（株価収益率）の計算式として正しいものはどれですか？', 'PERは株価を1株当たり純利益で割って求めます。', 1),
  ('q-asset3-s1-l1-2', 'quiz-asset3-s1-l1', 'キャピタルゲインの説明として正しいものはどれですか？', 'キャピタルゲインは株価の上昇によって得られる売却益です。', 2),
  ('q-asset3-s1-l1-3', 'quiz-asset3-s1-l1', 'PBRが1倍以下であることの説明として教材に近いものはどれですか？', 'PBR1倍以下は株価が解散価値以下とみられる状態の目安です。', 3),

  ('q-asset3-s1-l2-1', 'quiz-asset3-s1-l2', '投資でいう「リスク」の説明として正しいものはどれですか？', '投資のリスクは損失そのものだけでなく、リターンの振れ幅を指します。', 1),
  ('q-asset3-s1-l2-2', 'quiz-asset3-s1-l2', '教材の例で、相対的に高リスク・高リターンとされるものはどれですか？', '新興国株式は一般に値動きが大きく、高リスク・高リターンとされます。', 2),
  ('q-asset3-s1-l2-3', 'quiz-asset3-s1-l2', '標準偏差の説明として正しいものはどれですか？', '標準偏差はリスクの大きさを数値化したもので、大きいほど値動きのブレが大きいです。', 3),

  ('q-asset3-s1-l3-1', 'quiz-asset3-s1-l3', '特定口座（源泉徴収あり）の特徴として正しいものはどれですか？', '特定口座（源泉徴収あり）は税金が自動で差し引かれ、一般に確定申告が不要です。', 1),
  ('q-asset3-s1-l3-2', 'quiz-asset3-s1-l3', '成行注文の説明として正しいものはどれですか？', '成行注文は価格を指定せず、その時点の市場価格で売買する注文方法です。', 2),
  ('q-asset3-s1-l3-3', 'quiz-asset3-s1-l3', '日本株の売買単位として教材に記載されている原則はどれですか？', '日本株の売買単位は原則100株（1単元）です。', 3),

  ('q-asset3-s2-l1-1', 'quiz-asset3-s2-l1', '債券の「クーポン（利率）」の説明として正しいものはどれですか？', 'クーポンは額面金額に対して毎年受け取る利息の割合です。', 1),
  ('q-asset3-s2-l1-2', 'quiz-asset3-s2-l1', '金利が上昇したときの一般的な債券価格の動きはどれですか？', '既存債券の魅力が相対的に下がるため、金利上昇時には債券価格は下がるのが一般的です。', 2),
  ('q-asset3-s2-l1-3', 'quiz-asset3-s2-l1', '投資適格とされる格付けの目安として正しいものはどれですか？', '教材ではBBB（Baa）以上を投資適格としています。', 3),

  ('q-asset3-s2-l2-1', 'quiz-asset3-s2-l2', '長期投資で特に重要と教材で強調されている費用はどれですか？', '長期投資では毎日差し引かれる信託報酬の影響が大きくなります。', 1),
  ('q-asset3-s2-l2-2', 'quiz-asset3-s2-l2', '「ノーロード」の説明として正しいものはどれですか？', 'ノーロードは購入時手数料が無料の投資信託を指します。', 2),
  ('q-asset3-s2-l2-3', 'quiz-asset3-s2-l2', '投資信託を選ぶ際のチェックポイントとして教材にあるものはどれですか？', '純資産総額が大きいほど安定しやすく、目安として100億円以上が示されています。', 3),

  ('q-asset3-s2-l3-1', 'quiz-asset3-s2-l3', 'ETFの特徴として正しいものはどれですか？', 'ETFは証券取引所に上場しており、株式のようにリアルタイムで売買できます。', 1),
  ('q-asset3-s2-l3-2', 'quiz-asset3-s2-l3', '「全世界株式ETF（VT）」の投資対象として正しいものはどれですか？', '教材では世界50ヵ国以上の株式に投資するETFとして紹介されています。', 2),
  ('q-asset3-s2-l3-3', 'quiz-asset3-s2-l3', 'インデックス投資の考え方として正しいものはどれですか？', 'インデックス投資は市場全体に広く投資するという発想が基本です。', 3),

  ('q-asset3-s3-l1-1', 'quiz-asset3-s3-l1', '相関係数が低い、または負の資産を組み合わせる効果として正しいものはどれですか？', '値動きの異なる資産を組み合わせることで、全体のリスクを抑えやすくなります。', 1),
  ('q-asset3-s3-l1-2', 'quiz-asset3-s3-l1', '効率的フロンティアの説明として正しいものはどれですか？', '効率的フロンティアは、同じリターンなら最小リスク、同じリスクなら最大リターンとなるポートフォリオの集合です。', 2),
  ('q-asset3-s3-l1-3', 'quiz-asset3-s3-l1', '教材にある資産配分の目安として正しいものはどれですか？', '一般的な目安として株式比率 = 100 − 年齢 が示されています。', 3),

  ('q-asset3-s3-l2-1', 'quiz-asset3-s3-l2', '長期投資のメリットとして正しいものはどれですか？', '長期投資では複利効果が働きやすく、時間を味方にした資産形成が期待できます。', 1),
  ('q-asset3-s3-l2-2', 'quiz-asset3-s3-l2', '積立投資（ドルコスト平均法）の説明として正しいものはどれですか？', '毎月一定額を購入することで、価格が高い時には少なく、安い時には多く買うことになります。', 2),
  ('q-asset3-s3-l2-3', 'quiz-asset3-s3-l2', '分散投資の3つの軸として教材にあるものはどれですか？', '資産クラス・地域・時間の3つを分散する考え方が示されています。', 3)
ON CONFLICT (id) DO NOTHING;

INSERT INTO quiz_choices (id, question_id, choice_text, is_correct) VALUES
  ('q-fp3-1-c4', 'q-fp3-1', '毎月の食費だけを管理する短期メモ', FALSE),
  ('q-fp3-2-c4', 'q-fp3-2', '保険金の請求', FALSE),

  ('q-fp3-s1-l1-3-c1', 'q-fp3-s1-l1-3', '将来の資金不足が起こりそうな時期', TRUE),
  ('q-fp3-s1-l1-3-c2', 'q-fp3-s1-l1-3', '株価の将来予想だけ', FALSE),
  ('q-fp3-s1-l1-3-c3', 'q-fp3-s1-l1-3', '保険会社の利益額だけ', FALSE),
  ('q-fp3-s1-l1-3-c4', 'q-fp3-s1-l1-3', '税率の改正日だけ', FALSE),

  ('q-fp3-s1-l2-1-c1', 'q-fp3-s1-l2-1', '資産合計 − 負債合計', TRUE),
  ('q-fp3-s1-l2-1-c2', 'q-fp3-s1-l2-1', '資産合計 ＋ 負債合計', FALSE),
  ('q-fp3-s1-l2-1-c3', 'q-fp3-s1-l2-1', '収入合計 − 支出合計', FALSE),
  ('q-fp3-s1-l2-1-c4', 'q-fp3-s1-l2-1', '負債合計 − 資産合計', FALSE),
  ('q-fp3-s1-l2-2-c1', 'q-fp3-s1-l2-2', '住宅ローン', TRUE),
  ('q-fp3-s1-l2-2-c2', 'q-fp3-s1-l2-2', '食費', FALSE),
  ('q-fp3-s1-l2-2-c3', 'q-fp3-s1-l2-2', '娯楽費', FALSE),
  ('q-fp3-s1-l2-2-c4', 'q-fp3-s1-l2-2', '被服費', FALSE),
  ('q-fp3-s1-l2-3-c1', 'q-fp3-s1-l2-3', '資産と負債の状況', TRUE),
  ('q-fp3-s1-l2-3-c2', 'q-fp3-s1-l2-3', '1年間の売上と利益', FALSE),
  ('q-fp3-s1-l2-3-c3', 'q-fp3-s1-l2-3', '毎月の学習時間', FALSE),
  ('q-fp3-s1-l2-3-c4', 'q-fp3-s1-l2-3', '税額控除の一覧', FALSE),

  ('q-fp3-s1-l3-1-c1', 'q-fp3-s1-l3-1', '月々の積立額を少なくしやすい', TRUE),
  ('q-fp3-s1-l3-1-c2', 'q-fp3-s1-l3-1', '教育費が必ず半額になる', FALSE),
  ('q-fp3-s1-l3-1-c3', 'q-fp3-s1-l3-1', '学費が非課税になる', FALSE),
  ('q-fp3-s1-l3-1-c4', 'q-fp3-s1-l3-1', '私立学校しか選べなくなる', FALSE),
  ('q-fp3-s1-l3-2-c1', 'q-fp3-s1-l3-2', '学資保険', TRUE),
  ('q-fp3-s1-l3-2-c2', 'q-fp3-s1-l3-2', '自動車保険', FALSE),
  ('q-fp3-s1-l3-2-c3', 'q-fp3-s1-l3-2', '火災保険', FALSE),
  ('q-fp3-s1-l3-2-c4', 'q-fp3-s1-l3-2', '地震保険', FALSE),
  ('q-fp3-s1-l3-3-c1', 'q-fp3-s1-l3-3', '私立小学校（6年間）', TRUE),
  ('q-fp3-s1-l3-3-c2', 'q-fp3-s1-l3-3', '私立幼稚園（3年間）', FALSE),
  ('q-fp3-s1-l3-3-c3', 'q-fp3-s1-l3-3', '私立中学校（3年間）', FALSE),
  ('q-fp3-s1-l3-3-c4', 'q-fp3-s1-l3-3', '私立高校（3年間）', FALSE),

  ('q-fp3-s1-l4-1-c1', 'q-fp3-s1-l4-1', '返済期間中の金利が変わらない', TRUE),
  ('q-fp3-s1-l4-1-c2', 'q-fp3-s1-l4-1', '市場金利に応じて毎月必ず変わる', FALSE),
  ('q-fp3-s1-l4-1-c3', 'q-fp3-s1-l4-1', '頭金が不要になる', FALSE),
  ('q-fp3-s1-l4-1-c4', 'q-fp3-s1-l4-1', '諸費用が発生しない', FALSE),
  ('q-fp3-s1-l4-2-c1', 'q-fp3-s1-l4-2', '0.7%', TRUE),
  ('q-fp3-s1-l4-2-c2', 'q-fp3-s1-l4-2', '0.5%', FALSE),
  ('q-fp3-s1-l4-2-c3', 'q-fp3-s1-l4-2', '1.0%', FALSE),
  ('q-fp3-s1-l4-2-c4', 'q-fp3-s1-l4-2', '1.5%', FALSE),
  ('q-fp3-s1-l4-3-c1', 'q-fp3-s1-l4-3', '購入価格の3〜7%', TRUE),
  ('q-fp3-s1-l4-3-c2', 'q-fp3-s1-l4-3', '購入価格の1%未満', FALSE),
  ('q-fp3-s1-l4-3-c3', 'q-fp3-s1-l4-3', '購入価格の20〜30%', FALSE),
  ('q-fp3-s1-l4-3-c4', 'q-fp3-s1-l4-3', '一律100万円', FALSE),

  ('q-fp3-s2-l1-1-c1', 'q-fp3-s2-l1-1', '定期保険', TRUE),
  ('q-fp3-s2-l1-1-c2', 'q-fp3-s2-l1-1', '終身保険', FALSE),
  ('q-fp3-s2-l1-1-c3', 'q-fp3-s2-l1-1', '養老保険', FALSE),
  ('q-fp3-s2-l1-1-c4', 'q-fp3-s2-l1-1', '個人年金保険', FALSE),
  ('q-fp3-s2-l1-2-c1', 'q-fp3-s2-l1-2', '多数のデータから発生確率を見積もる考え方', TRUE),
  ('q-fp3-s2-l1-2-c2', 'q-fp3-s2-l1-2', '1人の契約だけで保険料を決める考え方', FALSE),
  ('q-fp3-s2-l1-2-c3', 'q-fp3-s2-l1-2', '保険金を毎年必ず増やす考え方', FALSE),
  ('q-fp3-s2-l1-2-c4', 'q-fp3-s2-l1-2', '税率を決めるための法則', FALSE),
  ('q-fp3-s2-l1-3-c1', 'q-fp3-s2-l1-3', '子どもの独立後', TRUE),
  ('q-fp3-s2-l1-3-c2', 'q-fp3-s2-l1-3', '結婚直後', FALSE),
  ('q-fp3-s2-l1-3-c3', 'q-fp3-s2-l1-3', '出産直後', FALSE),
  ('q-fp3-s2-l1-3-c4', 'q-fp3-s2-l1-3', '住宅購入直後', FALSE),

  ('q-fp3-s2-l2-1-c1', 'q-fp3-s2-l2-1', '火災保険とセットで加入する', TRUE),
  ('q-fp3-s2-l2-1-c2', 'q-fp3-s2-l2-1', '単独で自由に加入できる', FALSE),
  ('q-fp3-s2-l2-1-c3', 'q-fp3-s2-l2-1', '生命保険に自動付帯される', FALSE),
  ('q-fp3-s2-l2-1-c4', 'q-fp3-s2-l2-1', '自動車保険に必ず含まれる', FALSE),
  ('q-fp3-s2-l2-2-c1', 'q-fp3-s2-l2-2', '実際の損害額に応じて保険金が支払われる', TRUE),
  ('q-fp3-s2-l2-2-c2', 'q-fp3-s2-l2-2', '損害額に関係なく一定額が支払われる', FALSE),
  ('q-fp3-s2-l2-2-c3', 'q-fp3-s2-l2-2', '掛金が必ず返還される', FALSE),
  ('q-fp3-s2-l2-2-c4', 'q-fp3-s2-l2-2', '損害がなくても毎年給付される', FALSE),
  ('q-fp3-s2-l2-3-c1', 'q-fp3-s2-l2-3', '保険会社が支払わない条件', TRUE),
  ('q-fp3-s2-l2-3-c2', 'q-fp3-s2-l2-3', '保険料を割引する条件', FALSE),
  ('q-fp3-s2-l2-3-c3', 'q-fp3-s2-l2-3', '満期保険金の受取条件', FALSE),
  ('q-fp3-s2-l2-3-c4', 'q-fp3-s2-l2-3', '契約を更新する条件', FALSE),

  ('q-fp3-s2-l3-1-c1', 'q-fp3-s2-l3-1', '40歳以上', TRUE),
  ('q-fp3-s2-l3-1-c2', 'q-fp3-s2-l3-1', '20歳以上', FALSE),
  ('q-fp3-s2-l3-1-c3', 'q-fp3-s2-l3-1', '30歳以上', FALSE),
  ('q-fp3-s2-l3-1-c4', 'q-fp3-s2-l3-1', '65歳以上のみ', FALSE),
  ('q-fp3-s2-l3-2-c1', 'q-fp3-s2-l3-2', '厚生年金', TRUE),
  ('q-fp3-s2-l3-2-c2', 'q-fp3-s2-l3-2', '企業型DCのみ', FALSE),
  ('q-fp3-s2-l3-2-c3', 'q-fp3-s2-l3-2', '介護保険', FALSE),
  ('q-fp3-s2-l3-2-c4', 'q-fp3-s2-l3-2', '雇用保険', FALSE),
  ('q-fp3-s2-l3-3-c1', 'q-fp3-s2-l3-3', '失業時の給付や育児休業給付', TRUE),
  ('q-fp3-s2-l3-3-c2', 'q-fp3-s2-l3-3', '老後の年金給付', FALSE),
  ('q-fp3-s2-l3-3-c3', 'q-fp3-s2-l3-3', '火災時の損害補償', FALSE),
  ('q-fp3-s2-l3-3-c4', 'q-fp3-s2-l3-3', '住宅ローン控除', FALSE),

  ('q-fp3-s3-l1-1-c1', 'q-fp3-s3-l1-1', '利息が元本に加わり、その増えた元本にも利息が付く', TRUE),
  ('q-fp3-s3-l1-1-c2', 'q-fp3-s3-l1-1', '毎年同じ額の利息だけを受け取る', FALSE),
  ('q-fp3-s3-l1-1-c3', 'q-fp3-s3-l1-1', '元本が毎年必ず2倍になる', FALSE),
  ('q-fp3-s3-l1-1-c4', 'q-fp3-s3-l1-1', '金利が0%になる仕組み', FALSE),
  ('q-fp3-s3-l1-2-c1', 'q-fp3-s3-l1-2', '約36年', TRUE),
  ('q-fp3-s3-l1-2-c2', 'q-fp3-s3-l1-2', '約18年', FALSE),
  ('q-fp3-s3-l1-2-c3', 'q-fp3-s3-l1-2', '約24年', FALSE),
  ('q-fp3-s3-l1-2-c4', 'q-fp3-s3-l1-2', '約72年', FALSE),
  ('q-fp3-s3-l1-3-c1', 'q-fp3-s3-l1-3', '元本1,000万円とその利息', TRUE),
  ('q-fp3-s3-l1-3-c2', 'q-fp3-s3-l1-3', 'すべての預金額が全額', FALSE),
  ('q-fp3-s3-l1-3-c3', 'q-fp3-s3-l1-3', '元本100万円まで', FALSE),
  ('q-fp3-s3-l1-3-c4', 'q-fp3-s3-l1-3', '利息のみ', FALSE),

  ('q-fp3-s3-l2-1-c1', 'q-fp3-s3-l2-1', '配当金', TRUE),
  ('q-fp3-s3-l2-1-c2', 'q-fp3-s3-l2-1', '満期償還金', FALSE),
  ('q-fp3-s3-l2-1-c3', 'q-fp3-s3-l2-1', '固定クーポン', FALSE),
  ('q-fp3-s3-l2-1-c4', 'q-fp3-s3-l2-1', '元本保証', FALSE),
  ('q-fp3-s3-l2-2-c1', 'q-fp3-s3-l2-2', '債権者が株主より先に扱われる', TRUE),
  ('q-fp3-s3-l2-2-c2', 'q-fp3-s3-l2-2', '株主が債権者より先に扱われる', FALSE),
  ('q-fp3-s3-l2-2-c3', 'q-fp3-s3-l2-2', '両者の順位は常に同じ', FALSE),
  ('q-fp3-s3-l2-2-c4', 'q-fp3-s3-l2-2', 'どちらも必ず元本保証される', FALSE),
  ('q-fp3-s3-l2-3-c1', 'q-fp3-s3-l2-3', '国', TRUE),
  ('q-fp3-s3-l2-3-c2', 'q-fp3-s3-l2-3', '都道府県', FALSE),
  ('q-fp3-s3-l2-3-c3', 'q-fp3-s3-l2-3', '民間企業', FALSE),
  ('q-fp3-s3-l2-3-c4', 'q-fp3-s3-l2-3', '証券会社', FALSE),

  ('q-fp3-s3-l3-1-c1', 'q-fp3-s3-l3-1', '毎月一定金額で購入する方法', TRUE),
  ('q-fp3-s3-l3-1-c2', 'q-fp3-s3-l3-1', '毎月一定数量で購入する方法', FALSE),
  ('q-fp3-s3-l3-1-c3', 'q-fp3-s3-l3-1', '一度に全額投資する方法', FALSE),
  ('q-fp3-s3-l3-1-c4', 'q-fp3-s3-l3-1', '値上がり時だけ買う方法', FALSE),
  ('q-fp3-s3-l3-2-c1', 'q-fp3-s3-l3-2', '市場平均に連動することを目指す', TRUE),
  ('q-fp3-s3-l3-2-c2', 'q-fp3-s3-l3-2', '必ず市場平均を大幅に上回る', FALSE),
  ('q-fp3-s3-l3-2-c3', 'q-fp3-s3-l3-2', '元本保証がある', FALSE),
  ('q-fp3-s3-l3-2-c4', 'q-fp3-s3-l3-2', '単一銘柄だけに投資する', FALSE),
  ('q-fp3-s3-l3-3-c1', 'q-fp3-s3-l3-3', '資産・地域・時間を分散する', TRUE),
  ('q-fp3-s3-l3-3-c2', 'q-fp3-s3-l3-3', '有望な1銘柄に集中投資する', FALSE),
  ('q-fp3-s3-l3-3-c3', 'q-fp3-s3-l3-3', '短期間で全売却を繰り返す', FALSE),
  ('q-fp3-s3-l3-3-c4', 'q-fp3-s3-l3-3', '現金だけを保有する', FALSE),

  ('q-fp3-s4-l1-1-c1', 'q-fp3-s4-l1-1', '収入 − 必要経費等 − 所得控除', TRUE),
  ('q-fp3-s4-l1-1-c2', 'q-fp3-s4-l1-1', '収入 × 税率 − 税額控除', FALSE),
  ('q-fp3-s4-l1-1-c3', 'q-fp3-s4-l1-1', '収入 − 税額控除', FALSE),
  ('q-fp3-s4-l1-1-c4', 'q-fp3-s4-l1-1', '所得控除 − 必要経費', FALSE),
  ('q-fp3-s4-l1-2-c1', 'q-fp3-s4-l1-2', '所得が多いほど高い税率帯が適用される', TRUE),
  ('q-fp3-s4-l1-2-c2', 'q-fp3-s4-l1-2', '誰でも一律同じ税率である', FALSE),
  ('q-fp3-s4-l1-2-c3', 'q-fp3-s4-l1-2', '所得が少ないほど税率が高い', FALSE),
  ('q-fp3-s4-l1-2-c4', 'q-fp3-s4-l1-2', '税率は毎年抽選で決まる', FALSE),
  ('q-fp3-s4-l1-3-c1', 'q-fp3-s4-l1-3', '利子所得', TRUE),
  ('q-fp3-s4-l1-3-c2', 'q-fp3-s4-l1-3', '給与所得', FALSE),
  ('q-fp3-s4-l1-3-c3', 'q-fp3-s4-l1-3', '不動産所得', FALSE),
  ('q-fp3-s4-l1-3-c4', 'q-fp3-s4-l1-3', '退職所得', FALSE),

  ('q-fp3-s4-l2-1-c1', 'q-fp3-s4-l2-1', '誰でも受けられる控除で最大48万円', TRUE),
  ('q-fp3-s4-l2-1-c2', 'q-fp3-s4-l2-1', '住宅を購入した人だけの控除', FALSE),
  ('q-fp3-s4-l2-1-c3', 'q-fp3-s4-l2-1', '医療費がないと受けられない控除', FALSE),
  ('q-fp3-s4-l2-1-c4', 'q-fp3-s4-l2-1', '法人だけが使える控除', FALSE),
  ('q-fp3-s4-l2-2-c1', 'q-fp3-s4-l2-2', '実質2,000円の自己負担で返礼品を受けられる制度', TRUE),
  ('q-fp3-s4-l2-2-c2', 'q-fp3-s4-l2-2', '寄附をすると必ず全額現金で戻る制度', FALSE),
  ('q-fp3-s4-l2-2-c3', 'q-fp3-s4-l2-2', '住宅ローンの返済を免除する制度', FALSE),
  ('q-fp3-s4-l2-2-c4', 'q-fp3-s4-l2-2', '年齢制限のある保険制度', FALSE),
  ('q-fp3-s4-l2-3-c1', 'q-fp3-s4-l2-3', '掛け金が全額所得控除になる', TRUE),
  ('q-fp3-s4-l2-3-c2', 'q-fp3-s4-l2-3', '60歳前でも自由に引き出せる', FALSE),
  ('q-fp3-s4-l2-3-c3', 'q-fp3-s4-l2-3', '運用益に必ず20%課税される', FALSE),
  ('q-fp3-s4-l2-3-c4', 'q-fp3-s4-l2-3', 'すべて元本保証になる', FALSE),

  ('q-fp3-s4-l3-1-c1', 'q-fp3-s4-l3-1', '無期限', TRUE),
  ('q-fp3-s4-l3-1-c2', 'q-fp3-s4-l3-1', '5年', FALSE),
  ('q-fp3-s4-l3-1-c3', 'q-fp3-s4-l3-1', '20年', FALSE),
  ('q-fp3-s4-l3-1-c4', 'q-fp3-s4-l3-1', '30年', FALSE),
  ('q-fp3-s4-l3-2-c1', 'q-fp3-s4-l3-2', '原則60歳まで引き出せない', TRUE),
  ('q-fp3-s4-l3-2-c2', 'q-fp3-s4-l3-2', 'いつでも自由に引き出せる', FALSE),
  ('q-fp3-s4-l3-2-c3', 'q-fp3-s4-l3-2', '利益が必ず保証される', FALSE),
  ('q-fp3-s4-l3-2-c4', 'q-fp3-s4-l3-2', '掛け金に上限がない', FALSE),
  ('q-fp3-s4-l3-3-c1', 'q-fp3-s4-l3-3', '240万円', TRUE),
  ('q-fp3-s4-l3-3-c2', 'q-fp3-s4-l3-3', '120万円', FALSE),
  ('q-fp3-s4-l3-3-c3', 'q-fp3-s4-l3-3', '180万円', FALSE),
  ('q-fp3-s4-l3-3-c4', 'q-fp3-s4-l3-3', '360万円', FALSE),

  ('q-fp3-s5-l1-1-c1', 'q-fp3-s5-l1-1', '宅地建物取引士', TRUE),
  ('q-fp3-s5-l1-1-c2', 'q-fp3-s5-l1-1', '司法書士', FALSE),
  ('q-fp3-s5-l1-1-c3', 'q-fp3-s5-l1-1', '銀行員', FALSE),
  ('q-fp3-s5-l1-1-c4', 'q-fp3-s5-l1-1', '税理士', FALSE),
  ('q-fp3-s5-l1-2-c1', 'q-fp3-s5-l1-2', '年間家賃収入 ÷ 物件購入価格 × 100', TRUE),
  ('q-fp3-s5-l1-2-c2', 'q-fp3-s5-l1-2', '年間家賃収入 − 物件購入価格', FALSE),
  ('q-fp3-s5-l1-2-c3', 'q-fp3-s5-l1-2', '物件購入価格 ÷ 年間家賃収入 × 100', FALSE),
  ('q-fp3-s5-l1-2-c4', 'q-fp3-s5-l1-2', '年間家賃収入 ÷ 固定資産税 × 100', FALSE),
  ('q-fp3-s5-l1-3-c1', 'q-fp3-s5-l1-3', '不動産取得税', TRUE),
  ('q-fp3-s5-l1-3-c2', 'q-fp3-s5-l1-3', '贈与税のみ', FALSE),
  ('q-fp3-s5-l1-3-c3', 'q-fp3-s5-l1-3', '消費税のみ', FALSE),
  ('q-fp3-s5-l1-3-c4', 'q-fp3-s5-l1-3', '住民税のみ', FALSE),

  ('q-fp3-s5-l2-1-c1', 'q-fp3-s5-l2-1', '3,000万円 + 600万円 × 法定相続人の数', TRUE),
  ('q-fp3-s5-l2-1-c2', 'q-fp3-s5-l2-1', '5,000万円 + 300万円 × 法定相続人の数', FALSE),
  ('q-fp3-s5-l2-1-c3', 'q-fp3-s5-l2-1', '一律3,000万円', FALSE),
  ('q-fp3-s5-l2-1-c4', 'q-fp3-s5-l2-1', '相続財産の10%', FALSE),
  ('q-fp3-s5-l2-2-c1', 'q-fp3-s5-l2-2', '配偶者1/2、子1/2', TRUE),
  ('q-fp3-s5-l2-2-c2', 'q-fp3-s5-l2-2', '配偶者2/3、子1/3', FALSE),
  ('q-fp3-s5-l2-2-c3', 'q-fp3-s5-l2-2', '配偶者3/4、子1/4', FALSE),
  ('q-fp3-s5-l2-2-c4', 'q-fp3-s5-l2-2', '配偶者のみ全額', FALSE),
  ('q-fp3-s5-l2-3-c1', 'q-fp3-s5-l2-3', '年間110万円', TRUE),
  ('q-fp3-s5-l2-3-c2', 'q-fp3-s5-l2-3', '年間50万円', FALSE),
  ('q-fp3-s5-l2-3-c3', 'q-fp3-s5-l2-3', '年間200万円', FALSE),
  ('q-fp3-s5-l2-3-c4', 'q-fp3-s5-l2-3', '年間500万円', FALSE),

  ('q-boki3-s1-l1-1-c1', 'q-boki3-s1-l1-1', '借方', TRUE),
  ('q-boki3-s1-l1-1-c2', 'q-boki3-s1-l1-1', '貸方', FALSE),
  ('q-boki3-s1-l1-1-c3', 'q-boki3-s1-l1-1', '損益計算書', FALSE),
  ('q-boki3-s1-l1-1-c4', 'q-boki3-s1-l1-1', '注記欄のみ', FALSE),
  ('q-boki3-s1-l1-2-c1', 'q-boki3-s1-l1-2', '貸方', TRUE),
  ('q-boki3-s1-l1-2-c2', 'q-boki3-s1-l1-2', '借方', FALSE),
  ('q-boki3-s1-l1-2-c3', 'q-boki3-s1-l1-2', '両方同額', FALSE),
  ('q-boki3-s1-l1-2-c4', 'q-boki3-s1-l1-2', '記録しない', FALSE),
  ('q-boki3-s1-l1-3-c1', 'q-boki3-s1-l1-3', '借方合計と貸方合計は一致する', TRUE),
  ('q-boki3-s1-l1-3-c2', 'q-boki3-s1-l1-3', '借方だけ一致すればよい', FALSE),
  ('q-boki3-s1-l1-3-c3', 'q-boki3-s1-l1-3', '貸方の方が必ず大きい', FALSE),
  ('q-boki3-s1-l1-3-c4', 'q-boki3-s1-l1-3', '月末だけ一致すればよい', FALSE),

  ('q-boki3-s1-l2-1-c1', 'q-boki3-s1-l2-1', '資産', TRUE),
  ('q-boki3-s1-l2-1-c2', 'q-boki3-s1-l2-1', '負債', FALSE),
  ('q-boki3-s1-l2-1-c3', 'q-boki3-s1-l2-1', '収益', FALSE),
  ('q-boki3-s1-l2-1-c4', 'q-boki3-s1-l2-1', '費用', FALSE),
  ('q-boki3-s1-l2-2-c1', 'q-boki3-s1-l2-2', '負債', TRUE),
  ('q-boki3-s1-l2-2-c2', 'q-boki3-s1-l2-2', '資産', FALSE),
  ('q-boki3-s1-l2-2-c3', 'q-boki3-s1-l2-2', '純資産', FALSE),
  ('q-boki3-s1-l2-2-c4', 'q-boki3-s1-l2-2', '費用', FALSE),
  ('q-boki3-s1-l2-3-c1', 'q-boki3-s1-l2-3', '受取手数料', TRUE),
  ('q-boki3-s1-l2-3-c2', 'q-boki3-s1-l2-3', '給料', FALSE),
  ('q-boki3-s1-l2-3-c3', 'q-boki3-s1-l2-3', '備品', FALSE),
  ('q-boki3-s1-l2-3-c4', 'q-boki3-s1-l2-3', '買掛金', FALSE),

  ('q-boki3-s1-l3-1-c1', 'q-boki3-s1-l3-1', '仕訳帳に記録してから総勘定元帳へ転記する', TRUE),
  ('q-boki3-s1-l3-1-c2', 'q-boki3-s1-l3-1', '総勘定元帳に直接書いてから仕訳帳に写す', FALSE),
  ('q-boki3-s1-l3-1-c3', 'q-boki3-s1-l3-1', '試算表から仕訳帳へ転記する', FALSE),
  ('q-boki3-s1-l3-1-c4', 'q-boki3-s1-l3-1', '財務諸表から現金勘定へ転記する', FALSE),
  ('q-boki3-s1-l3-2-c1', 'q-boki3-s1-l3-2', '備品勘定の借方に10,000円を記入する', TRUE),
  ('q-boki3-s1-l3-2-c2', 'q-boki3-s1-l3-2', '備品勘定の貸方に10,000円を記入する', FALSE),
  ('q-boki3-s1-l3-2-c3', 'q-boki3-s1-l3-2', '現金勘定の借方に10,000円を記入する', FALSE),
  ('q-boki3-s1-l3-2-c4', 'q-boki3-s1-l3-2', 'どちらの勘定にも記入しない', FALSE),
  ('q-boki3-s1-l3-3-c1', 'q-boki3-s1-l3-3', '勘定科目ごとの増減と残高を整理する', TRUE),
  ('q-boki3-s1-l3-3-c2', 'q-boki3-s1-l3-3', '税率を計算する', FALSE),
  ('q-boki3-s1-l3-3-c3', 'q-boki3-s1-l3-3', '売上予算だけを作る', FALSE),
  ('q-boki3-s1-l3-3-c4', 'q-boki3-s1-l3-3', '現金実査の代わりにする', FALSE),

  ('q-boki3-s2-l1-1-c1', 'q-boki3-s2-l1-1', '他人振出の小切手', TRUE),
  ('q-boki3-s2-l1-1-c2', 'q-boki3-s2-l1-1', '収入印紙', FALSE),
  ('q-boki3-s2-l1-1-c3', 'q-boki3-s2-l1-1', '自社発行の社債', FALSE),
  ('q-boki3-s2-l1-1-c4', 'q-boki3-s2-l1-1', '固定資産税の納付書', FALSE),
  ('q-boki3-s2-l1-2-c1', 'q-boki3-s2-l1-2', '（借）現金 / （貸）現金過不足', TRUE),
  ('q-boki3-s2-l1-2-c2', 'q-boki3-s2-l1-2', '（借）現金過不足 / （貸）現金', FALSE),
  ('q-boki3-s2-l1-2-c3', 'q-boki3-s2-l1-2', '（借）雑損 / （貸）現金', FALSE),
  ('q-boki3-s2-l1-2-c4', 'q-boki3-s2-l1-2', '仕訳は不要', FALSE),
  ('q-boki3-s2-l1-3-c1', 'q-boki3-s2-l1-3', '（借）普通預金 / （貸）受取利息', TRUE),
  ('q-boki3-s2-l1-3-c2', 'q-boki3-s2-l1-3', '（借）受取利息 / （貸）普通預金', FALSE),
  ('q-boki3-s2-l1-3-c3', 'q-boki3-s2-l1-3', '（借）現金過不足 / （貸）普通預金', FALSE),
  ('q-boki3-s2-l1-3-c4', 'q-boki3-s2-l1-3', '（借）支払利息 / （貸）普通預金', FALSE),

  ('q-boki3-s2-l2-1-c1', 'q-boki3-s2-l2-1', '（借）売掛金 / （貸）売上', TRUE),
  ('q-boki3-s2-l2-1-c2', 'q-boki3-s2-l2-1', '（借）売上 / （貸）売掛金', FALSE),
  ('q-boki3-s2-l2-1-c3', 'q-boki3-s2-l2-1', '（借）現金 / （貸）売掛金', FALSE),
  ('q-boki3-s2-l2-1-c4', 'q-boki3-s2-l2-1', '（借）仕入 / （貸）買掛金', FALSE),
  ('q-boki3-s2-l2-2-c1', 'q-boki3-s2-l2-2', '（借）買掛金 / （貸）普通預金', TRUE),
  ('q-boki3-s2-l2-2-c2', 'q-boki3-s2-l2-2', '（借）普通預金 / （貸）買掛金', FALSE),
  ('q-boki3-s2-l2-2-c3', 'q-boki3-s2-l2-2', '（借）仕入 / （貸）普通預金', FALSE),
  ('q-boki3-s2-l2-2-c4', 'q-boki3-s2-l2-2', '（借）現金 / （貸）買掛金', FALSE),
  ('q-boki3-s2-l2-3-c1', 'q-boki3-s2-l2-3', '（借）貸倒損失 / （貸）売掛金', TRUE),
  ('q-boki3-s2-l2-3-c2', 'q-boki3-s2-l2-3', '（借）売掛金 / （貸）貸倒損失', FALSE),
  ('q-boki3-s2-l2-3-c3', 'q-boki3-s2-l2-3', '（借）買掛金 / （貸）売掛金', FALSE),
  ('q-boki3-s2-l2-3-c4', 'q-boki3-s2-l2-3', '（借）現金 / （貸）売掛金', FALSE),

  ('q-boki3-s2-l3-1-c1', 'q-boki3-s2-l3-1', '土地', TRUE),
  ('q-boki3-s2-l3-1-c2', 'q-boki3-s2-l3-1', '備品', FALSE),
  ('q-boki3-s2-l3-1-c3', 'q-boki3-s2-l3-1', '建物', FALSE),
  ('q-boki3-s2-l3-1-c4', 'q-boki3-s2-l3-1', '車両', FALSE),
  ('q-boki3-s2-l3-2-c1', 'q-boki3-s2-l3-2', '（取得原価 − 残存価額）÷ 耐用年数', TRUE),
  ('q-boki3-s2-l3-2-c2', 'q-boki3-s2-l3-2', '取得原価 × 定率', FALSE),
  ('q-boki3-s2-l3-2-c3', 'q-boki3-s2-l3-2', '取得原価 ÷ 売却価格', FALSE),
  ('q-boki3-s2-l3-2-c4', 'q-boki3-s2-l3-2', '残存価額 ÷ 耐用年数', FALSE),
  ('q-boki3-s2-l3-3-c1', 'q-boki3-s2-l3-3', '固定資産売却益', TRUE),
  ('q-boki3-s2-l3-3-c2', 'q-boki3-s2-l3-3', '固定資産売却損', FALSE),
  ('q-boki3-s2-l3-3-c3', 'q-boki3-s2-l3-3', '減価償却費', FALSE),
  ('q-boki3-s2-l3-3-c4', 'q-boki3-s2-l3-3', '貸倒引当金', FALSE),

  ('q-boki3-s3-l1-1-c1', 'q-boki3-s3-l1-1', '借方合計と貸方合計が一致する', TRUE),
  ('q-boki3-s3-l1-1-c2', 'q-boki3-s3-l1-1', '売上と現金が一致する', FALSE),
  ('q-boki3-s3-l1-1-c3', 'q-boki3-s3-l1-1', '資産と費用が一致する', FALSE),
  ('q-boki3-s3-l1-1-c4', 'q-boki3-s3-l1-1', '利益と税額が一致する', FALSE),
  ('q-boki3-s3-l1-2-c1', 'q-boki3-s3-l1-2', '合計試算表と残高試算表を合わせたもの', TRUE),
  ('q-boki3-s3-l1-2-c2', 'q-boki3-s3-l1-2', '売上だけを集計した表', FALSE),
  ('q-boki3-s3-l1-2-c3', 'q-boki3-s3-l1-2', '現金出納帳の別名', FALSE),
  ('q-boki3-s3-l1-2-c4', 'q-boki3-s3-l1-2', '税務申告専用の表', FALSE),
  ('q-boki3-s3-l1-3-c1', 'q-boki3-s3-l1-3', '減価償却費の計上', TRUE),
  ('q-boki3-s3-l1-3-c2', 'q-boki3-s3-l1-3', '売上伝票の発行', FALSE),
  ('q-boki3-s3-l1-3-c3', 'q-boki3-s3-l1-3', '請求書の作成', FALSE),
  ('q-boki3-s3-l1-3-c4', 'q-boki3-s3-l1-3', '注文書の受領', FALSE),

  ('q-boki3-s3-l2-1-c1', 'q-boki3-s3-l2-1', '売上総利益 − 販売費及び一般管理費', TRUE),
  ('q-boki3-s3-l2-1-c2', 'q-boki3-s3-l2-1', '売上高 − 法人税等', FALSE),
  ('q-boki3-s3-l2-1-c3', 'q-boki3-s3-l2-1', '当期純利益 ＋ 特別利益', FALSE),
  ('q-boki3-s3-l2-1-c4', 'q-boki3-s3-l2-1', '資産合計 − 負債合計', FALSE),
  ('q-boki3-s3-l2-2-c1', 'q-boki3-s3-l2-2', '期首商品棚卸高 + 当期仕入高 − 期末商品棚卸高', TRUE),
  ('q-boki3-s3-l2-2-c2', 'q-boki3-s3-l2-2', '売上高 − 当期純利益', FALSE),
  ('q-boki3-s3-l2-2-c3', 'q-boki3-s3-l2-2', '現金 + 預金 − 買掛金', FALSE),
  ('q-boki3-s3-l2-2-c4', 'q-boki3-s3-l2-2', '売上高 − 販売費及び一般管理費', FALSE),
  ('q-boki3-s3-l2-3-c1', 'q-boki3-s3-l2-3', '税引後の最終的な利益', TRUE),
  ('q-boki3-s3-l2-3-c2', 'q-boki3-s3-l2-3', '商品の仕入額', FALSE),
  ('q-boki3-s3-l2-3-c3', 'q-boki3-s3-l2-3', '借入金の残高', FALSE),
  ('q-boki3-s3-l2-3-c4', 'q-boki3-s3-l2-3', '一定時点の資産総額', FALSE),

  ('q-boki3-s3-l3-1-c1', 'q-boki3-s3-l3-1', '一定時点の財政状態', TRUE),
  ('q-boki3-s3-l3-1-c2', 'q-boki3-s3-l3-1', '一定期間の経営成績', FALSE),
  ('q-boki3-s3-l3-1-c3', 'q-boki3-s3-l3-1', '将来の売上予測', FALSE),
  ('q-boki3-s3-l3-1-c4', 'q-boki3-s3-l3-1', '税率の改正内容', FALSE),
  ('q-boki3-s3-l3-2-c1', 'q-boki3-s3-l3-2', '流動資産 ÷ 流動負債 × 100', TRUE),
  ('q-boki3-s3-l3-2-c2', 'q-boki3-s3-l3-2', '純資産 ÷ 総資本 × 100', FALSE),
  ('q-boki3-s3-l3-2-c3', 'q-boki3-s3-l3-2', '当期純利益 ÷ 自己資本 × 100', FALSE),
  ('q-boki3-s3-l3-2-c4', 'q-boki3-s3-l3-2', '売上高 ÷ 売上原価 × 100', FALSE),
  ('q-boki3-s3-l3-3-c1', 'q-boki3-s3-l3-3', '利益剰余金', TRUE),
  ('q-boki3-s3-l3-3-c2', 'q-boki3-s3-l3-3', '買掛金', FALSE),
  ('q-boki3-s3-l3-3-c3', 'q-boki3-s3-l3-3', '売掛金', FALSE),
  ('q-boki3-s3-l3-3-c4', 'q-boki3-s3-l3-3', '減価償却累計額', FALSE),

  ('q-asset3-s1-l1-1-c1', 'q-asset3-s1-l1-1', '株価 ÷ 1株当たり純利益', TRUE),
  ('q-asset3-s1-l1-1-c2', 'q-asset3-s1-l1-1', '株価 ÷ 1株当たり純資産', FALSE),
  ('q-asset3-s1-l1-1-c3', 'q-asset3-s1-l1-1', '1株当たり純利益 ÷ 株価', FALSE),
  ('q-asset3-s1-l1-1-c4', 'q-asset3-s1-l1-1', '配当金 ÷ 株価', FALSE),
  ('q-asset3-s1-l1-2-c1', 'q-asset3-s1-l1-2', '株価上昇による売却益', TRUE),
  ('q-asset3-s1-l1-2-c2', 'q-asset3-s1-l1-2', '企業から受け取る配当金', FALSE),
  ('q-asset3-s1-l1-2-c3', 'q-asset3-s1-l1-2', '証券会社の手数料割引', FALSE),
  ('q-asset3-s1-l1-2-c4', 'q-asset3-s1-l1-2', '債券の利息収入', FALSE),
  ('q-asset3-s1-l1-3-c1', 'q-asset3-s1-l1-3', '解散価値以下の目安になる', TRUE),
  ('q-asset3-s1-l1-3-c2', 'q-asset3-s1-l1-3', '必ず株価が2倍になる', FALSE),
  ('q-asset3-s1-l1-3-c3', 'q-asset3-s1-l1-3', '配当が必ず増える', FALSE),
  ('q-asset3-s1-l1-3-c4', 'q-asset3-s1-l1-3', '元本保証になる', FALSE),

  ('q-asset3-s1-l2-1-c1', 'q-asset3-s1-l2-1', 'リターンの振れ幅や不確実性', TRUE),
  ('q-asset3-s1-l2-1-c2', 'q-asset3-s1-l2-1', '損失が確定していること', FALSE),
  ('q-asset3-s1-l2-1-c3', 'q-asset3-s1-l2-1', '手数料の高さだけ', FALSE),
  ('q-asset3-s1-l2-1-c4', 'q-asset3-s1-l2-1', '税金の金額だけ', FALSE),
  ('q-asset3-s1-l2-2-c1', 'q-asset3-s1-l2-2', '新興国株式', TRUE),
  ('q-asset3-s1-l2-2-c2', 'q-asset3-s1-l2-2', '預金', FALSE),
  ('q-asset3-s1-l2-2-c3', 'q-asset3-s1-l2-2', '国債', FALSE),
  ('q-asset3-s1-l2-2-c4', 'q-asset3-s1-l2-2', '定期預金', FALSE),
  ('q-asset3-s1-l2-3-c1', 'q-asset3-s1-l2-3', '値動きのブレの大きさを表す', TRUE),
  ('q-asset3-s1-l2-3-c2', 'q-asset3-s1-l2-3', '平均利回りそのものを表す', FALSE),
  ('q-asset3-s1-l2-3-c3', 'q-asset3-s1-l2-3', '税引後利益を表す', FALSE),
  ('q-asset3-s1-l2-3-c4', 'q-asset3-s1-l2-3', '配当金の回数を表す', FALSE),

  ('q-asset3-s1-l3-1-c1', 'q-asset3-s1-l3-1', '税金が自動で差し引かれ、確定申告が不要になりやすい', TRUE),
  ('q-asset3-s1-l3-1-c2', 'q-asset3-s1-l3-1', '自分で損益計算を一切できない', FALSE),
  ('q-asset3-s1-l3-1-c3', 'q-asset3-s1-l3-1', 'NISAと同じく利益が非課税', FALSE),
  ('q-asset3-s1-l3-1-c4', 'q-asset3-s1-l3-1', '法人しか開設できない', FALSE),
  ('q-asset3-s1-l3-2-c1', 'q-asset3-s1-l3-2', '価格を指定せず市場価格で売買する', TRUE),
  ('q-asset3-s1-l3-2-c2', 'q-asset3-s1-l3-2', '希望価格を指定して売買する', FALSE),
  ('q-asset3-s1-l3-2-c3', 'q-asset3-s1-l3-2', '一定期間だけ有効な注文の総称', FALSE),
  ('q-asset3-s1-l3-2-c4', 'q-asset3-s1-l3-2', '損失を防ぐため必ず利益確定する注文', FALSE),
  ('q-asset3-s1-l3-3-c1', 'q-asset3-s1-l3-3', '100株', TRUE),
  ('q-asset3-s1-l3-3-c2', 'q-asset3-s1-l3-3', '10株', FALSE),
  ('q-asset3-s1-l3-3-c3', 'q-asset3-s1-l3-3', '1,000株', FALSE),
  ('q-asset3-s1-l3-3-c4', 'q-asset3-s1-l3-3', '1株', FALSE),

  ('q-asset3-s2-l1-1-c1', 'q-asset3-s2-l1-1', '額面に対する毎年の利息の割合', TRUE),
  ('q-asset3-s2-l1-1-c2', 'q-asset3-s2-l1-1', '債券の購入手数料', FALSE),
  ('q-asset3-s2-l1-1-c3', 'q-asset3-s2-l1-1', '発行体の自己資本比率', FALSE),
  ('q-asset3-s2-l1-1-c4', 'q-asset3-s2-l1-1', '売却益の割合', FALSE),
  ('q-asset3-s2-l1-2-c1', 'q-asset3-s2-l1-2', '下がる', TRUE),
  ('q-asset3-s2-l1-2-c2', 'q-asset3-s2-l1-2', '上がる', FALSE),
  ('q-asset3-s2-l1-2-c3', 'q-asset3-s2-l1-2', '変わらない', FALSE),
  ('q-asset3-s2-l1-2-c4', 'q-asset3-s2-l1-2', '必ず2倍になる', FALSE),
  ('q-asset3-s2-l1-3-c1', 'q-asset3-s2-l1-3', 'BBB（Baa）以上', TRUE),
  ('q-asset3-s2-l1-3-c2', 'q-asset3-s2-l1-3', 'BB（Ba）以下', FALSE),
  ('q-asset3-s2-l1-3-c3', 'q-asset3-s2-l1-3', 'CCC以下', FALSE),
  ('q-asset3-s2-l1-3-c4', 'q-asset3-s2-l1-3', 'A未満はすべて投機的', FALSE),

  ('q-asset3-s2-l2-1-c1', 'q-asset3-s2-l2-1', '信託報酬', TRUE),
  ('q-asset3-s2-l2-1-c2', 'q-asset3-s2-l2-1', '購入時手数料だけ', FALSE),
  ('q-asset3-s2-l2-1-c3', 'q-asset3-s2-l2-1', '売買委託手数料だけ', FALSE),
  ('q-asset3-s2-l2-1-c4', 'q-asset3-s2-l2-1', '入会金', FALSE),
  ('q-asset3-s2-l2-2-c1', 'q-asset3-s2-l2-2', '購入時手数料が無料', TRUE),
  ('q-asset3-s2-l2-2-c2', 'q-asset3-s2-l2-2', '信託報酬がゼロ', FALSE),
  ('q-asset3-s2-l2-2-c3', 'q-asset3-s2-l2-2', '解約できない商品', FALSE),
  ('q-asset3-s2-l2-2-c4', 'q-asset3-s2-l2-2', '元本保証の商品', FALSE),
  ('q-asset3-s2-l2-3-c1', 'q-asset3-s2-l2-3', '純資産総額を確認する', TRUE),
  ('q-asset3-s2-l2-3-c2', 'q-asset3-s2-l2-3', '毎月の値動きだけで決める', FALSE),
  ('q-asset3-s2-l2-3-c3', 'q-asset3-s2-l2-3', '広告の量だけで決める', FALSE),
  ('q-asset3-s2-l2-3-c4', 'q-asset3-s2-l2-3', '分配金が多いものだけを選ぶ', FALSE),

  ('q-asset3-s2-l3-1-c1', 'q-asset3-s2-l3-1', 'リアルタイムで売買できる', TRUE),
  ('q-asset3-s2-l3-1-c2', 'q-asset3-s2-l3-1', '1日1回しか価格が決まらない', FALSE),
  ('q-asset3-s2-l3-1-c3', 'q-asset3-s2-l3-1', '銀行窓口でしか買えない', FALSE),
  ('q-asset3-s2-l3-1-c4', 'q-asset3-s2-l3-1', '必ず元本保証される', FALSE),
  ('q-asset3-s2-l3-2-c1', 'q-asset3-s2-l3-2', '世界50ヵ国以上の株式', TRUE),
  ('q-asset3-s2-l3-2-c2', 'q-asset3-s2-l3-2', '日本国債のみ', FALSE),
  ('q-asset3-s2-l3-2-c3', 'q-asset3-s2-l3-2', '国内不動産のみ', FALSE),
  ('q-asset3-s2-l3-2-c4', 'q-asset3-s2-l3-2', '金（ゴールド）のみ', FALSE),
  ('q-asset3-s2-l3-3-c1', 'q-asset3-s2-l3-3', '市場全体に投資する', TRUE),
  ('q-asset3-s2-l3-3-c2', 'q-asset3-s2-l3-3', '値上がりしそうな1銘柄に集中する', FALSE),
  ('q-asset3-s2-l3-3-c3', 'q-asset3-s2-l3-3', '毎日売買を繰り返す', FALSE),
  ('q-asset3-s2-l3-3-c4', 'q-asset3-s2-l3-3', '現金だけを積み立てる', FALSE),

  ('q-asset3-s3-l1-1-c1', 'q-asset3-s3-l1-1', 'ポートフォリオ全体のリスク低減が期待できる', TRUE),
  ('q-asset3-s3-l1-1-c2', 'q-asset3-s3-l1-1', '必ず利益が2倍になる', FALSE),
  ('q-asset3-s3-l1-1-c3', 'q-asset3-s3-l1-1', '手数料がゼロになる', FALSE),
  ('q-asset3-s3-l1-1-c4', 'q-asset3-s3-l1-1', '税金が免除される', FALSE),
  ('q-asset3-s3-l1-2-c1', 'q-asset3-s3-l1-2', '最も効率的なポートフォリオの集合', TRUE),
  ('q-asset3-s3-l1-2-c2', 'q-asset3-s3-l1-2', '最も手数料が高い商品の一覧', FALSE),
  ('q-asset3-s3-l1-2-c3', 'q-asset3-s3-l1-2', '税率の推移を示す曲線', FALSE),
  ('q-asset3-s3-l1-2-c4', 'q-asset3-s3-l1-2', '債券価格の時系列グラフ', FALSE),
  ('q-asset3-s3-l1-3-c1', 'q-asset3-s3-l1-3', '株式比率 = 100 − 年齢', TRUE),
  ('q-asset3-s3-l1-3-c2', 'q-asset3-s3-l1-3', '株式比率 = 年齢 × 2', FALSE),
  ('q-asset3-s3-l1-3-c3', 'q-asset3-s3-l1-3', '年齢に関係なく株式100%', FALSE),
  ('q-asset3-s3-l1-3-c4', 'q-asset3-s3-l1-3', '年齢に関係なく現金100%', FALSE),

  ('q-asset3-s3-l2-1-c1', 'q-asset3-s3-l2-1', '複利効果を活かしやすい', TRUE),
  ('q-asset3-s3-l2-1-c2', 'q-asset3-s3-l2-1', '毎年必ず元本保証される', FALSE),
  ('q-asset3-s3-l2-1-c3', 'q-asset3-s3-l2-1', '短期間で必ず大きく儲かる', FALSE),
  ('q-asset3-s3-l2-1-c4', 'q-asset3-s3-l2-1', '価格変動が完全になくなる', FALSE),
  ('q-asset3-s3-l2-2-c1', 'q-asset3-s3-l2-2', '毎月一定額を購入する方法', TRUE),
  ('q-asset3-s3-l2-2-c2', 'q-asset3-s3-l2-2', '毎月一定株数を購入する方法', FALSE),
  ('q-asset3-s3-l2-2-c3', 'q-asset3-s3-l2-2', '最安値の日だけ買う方法', FALSE),
  ('q-asset3-s3-l2-2-c4', 'q-asset3-s3-l2-2', '配当金だけで再投資する方法', FALSE),
  ('q-asset3-s3-l2-3-c1', 'q-asset3-s3-l2-3', '資産クラス・地域・時間', TRUE),
  ('q-asset3-s3-l2-3-c2', 'q-asset3-s3-l2-3', '税金・保険・年金', FALSE),
  ('q-asset3-s3-l2-3-c3', 'q-asset3-s3-l2-3', '売上・利益・資産', FALSE),
  ('q-asset3-s3-l2-3-c4', 'q-asset3-s3-l2-3', '株価・為替・天気', FALSE)
ON CONFLICT (id) DO NOTHING;
